PT08.S1(CO),CO(GT)
1181,2.1
1070,1.8
1086,1.6
1031,1.1
1109,1.6
1315,3.2
1075,2.5
1049,1.3
1107,2.2
1227,2.9
915,0.9
1012,1.7
1308,2.0
852,0.5
698,0.2
920,1.8
1572,4.0
1125,1.7
1308,3.3
799,0.6
993,1.1
1512,5.1
1116,2.3
1075,3.2
1424,5.0
1111,2.1
1075,1.7
1226,3.0
1077,2.1
970,1.2
1318,3.3
1250,2.4
1343,3.4
1009,3.1
1712,4.1
1490,2.8
1726,5.9
828,0.2
1052,1.9
1003,1.7
1066,1.4
1468,4.4
1108,1.9
1011,1.0
980,0.7
1409,2.4
1398,2.9
900,0.9
1073,2.8
868,0.5
1460,4.4
1399,5.0
1086,2.5
1445,2.8
1187,1.7
1431,5.5
1037,1.4
963,1.2
894,1.3
891,1.7
1088,2.0
841,0.5
868,0.6
1371,2.3
996,1.4
991,1.4
1011,2.7
992,1.4
892,0.7
867,1.0
1303,4.3
1615,8.7
1230,2.7
775,0.3
1139,2.3
956,2.3
958,0.8
886,0.6
1446,5.0
1163,1.8
976,0.8
1175,3.9
1195,2.3
1369,3.6
1403,2.9
855,1.0
1124,3.0
875,0.8
1143,1.7
1159,2.9
999,0.9
964,1.0
1521,4.2
1075,2.0
769,0.4
1075,1.4
1076,2.0
1239,1.8
1134,1.5
998,1.4
1061,2.3
1118,1.7
1038,1.9
798,0.2
1236,2.7
1091,2.3
1127,0.1
1552,5.0
827,0.7
1352,2.3
929,1.4
1047,1.6
1075,2.1
1054,1.7
1126,1.4
1198,2.4
1066,1.4
815,0.5
1354,2.6
1076,2.2
1032,2.1
692,0.6
1262,2.4
755,0.9
899,1.0
814,0.3
1091,1.9
1286,3.4
2040,8.0
951,0.8
1529,5.0
1017,1.4
909,0.7
832,0.5
1205,1.5
1305,4.3
1513,4.8
1075,2.3
1246,3.2
924,0.8
970,2.2
1018,0.9
968,1.1
966,1.2
1193,2.5
1179,1.7
1050,1.3
839,0.9
1147,1.7
1170,2.4
949,1.0
1309,2.1
1075,1.1
1434,3.8
909,1.3
948,0.9
976,0.5
1029,2.5
1136,1.3
979,2.0
950,1.4
1363,4.6
1559,4.3
821,0.6
972,1.4
877,0.7
1023,2.1
958,1.1
1148,2.1
994,1.1
1154,2.0
1310,2.8
1154,2.7
1007,1.6
996,1.6
1491,4.5
855,0.4
1109,2.4
757,0.4
901,0.5
1263,2.2
1263,2.6
1237,1.8
1095,1.8
1046,1.2
781,0.9
1069,1.8
1120,2.4
1474,5.2
1009,1.2
1219,2.0
1875,7.3
959,2.4
938,0.6
1337,4.3
1012,1.3
1633,3.5
911,0.8
1347,3.4
1008,2.1
941,0.4
970,1.5
1036,1.0
1002,1.1
1099,1.7
1020,1.6
1337,4.8
1240,2.0
1392,1.5
1023,0.9
1075,9.1
1075,1.9
935,0.9
1147,3.0
982,1.2
759,0.8
1179,2.1
1382,3.7
872,1.3
1050,1.4
865,1.0
1452,2.8
925,1.2
838,0.9
1075,0.7
1029,1.2
1539,3.7
1075,1.3
1277,1.9
1562,6.1
1146,3.0
1410,4.9
1107,1.9
1308,3.3
1053,1.2
895,1.5
1347,4.3
861,0.9
667,0.4
902,0.7
1341,3.7
989,1.4
1025,1.5
1142,2.3
1073,2.1
1098,1.5
987,1.4
1360,5.0
1042,0.9
1179,2.4
1105,1.8
943,1.5
862,0.7
1338,3.4
950,1.7
1218,2.1
866,0.7
1024,1.3
913,0.7
1106,2.6
1226,2.8
968,1.9
1047,1.4
1075,2.3
940,1.1
1540,3.4
989,1.2
1012,0.9
1038,1.6
1765,5.9
1115,1.3
952,1.1
1010,2.0
1010,1.1
908,0.9
1075,3.7
757,0.5
1306,4.4
1058,1.3
1133,1.6
1121,2.1
1075,1.2
787,0.2
1303,2.2
1085,2.2
1031,1.3
953,0.8
914,0.8
1263,2.9
1469,4.5
1019,1.3
1751,7.9
1134,1.6
740,0.3
1191,3.1
946,1.4
805,0.7
809,0.4
1177,2.2
1177,1.3
808,0.7
1706,6.5
1162,1.9
996,1.3
909,1.0
1365,3.6
943,0.7
1187,2.5
979,1.8
1569,5.0
1409,2.7
931,0.7
1075,3.2
1211,2.6
991,1.0
832,0.6
1041,1.5
1353,3.3
1142,1.4
1055,1.9
1236,1.9
1651,4.6
1327,5.5
1034,2.2
1352,3.6
1124,3.4
799,0.9
1212,2.9
1075,5.2
947,1.3
929,0.9
1111,1.7
1243,4.8
1064,1.0
1188,2.0
942,1.6
1021,0.8
1463,3.6
977,1.7
1014,1.1
946,1.1
997,1.3
1253,2.5
856,0.6
1266,3.5
893,0.9
1192,2.5
880,1.2
1882,8.7
953,1.2
1000,2.3
1092,1.9
923,1.3
904,1.1
938,0.7
973,1.3
1392,2.1
1017,1.6
1478,4.8
1170,1.8
1135,1.6
1592,5.5
996,1.7
1425,2.6
987,0.9
1132,2.5
1041,2.3
994,1.6
1069,1.5
1501,4.5
1009,2.2
1310,3.8
837,1.4
1051,3.0
1073,2.0
1134,1.9
1038,0.9
815,0.2
1011,2.0
862,0.9
969,2.2
1194,2.7
1075,3.8
836,0.6
1135,1.7
990,1.1
1283,1.6
813,0.4
840,0.9
1075,1.0
1014,1.5
859,0.8
851,0.5
1075,5.1
1477,5.0
1379,4.3
1278,2.2
979,1.5
1289,3.8
854,0.9
1740,4.8
1217,1.9
1000,1.7
1041,2.1
948,1.7
1171,2.8
1383,3.3
864,0.9
1114,2.2
930,1.1
962,2.1
997,1.1
929,1.0
1608,5.6
1363,3.1
1385,3.7
1093,2.0
993,0.8
1128,0.4
978,1.0
1101,1.4
1034,0.1
1568,6.6
1072,2.2
901,1.3
1595,5.9
909,0.5
1021,2.0
835,0.5
920,0.4
954,1.1
1142,2.3
876,1.1
1541,3.4
1075,0.8
1298,1.9
925,1.0
1300,2.1
825,0.7
1071,1.5
1152,2.5
1252,2.7
1224,1.8
1181,3.2
1075,3.0
872,0.1
1262,2.2
1310,3.1
908,0.5
966,1.3
1011,0.9
1075,6.5
1179,2.5
1105,1.9
1272,2.9
1051,2.7
795,0.2
829,0.4
1075,1.5
1218,3.3
1176,3.2
1014,1.5
1424,3.6
1159,2.0
977,0.8
1070,1.8
956,1.3
1235,2.0
1146,1.7
1074,1.2
944,1.3
1390,0.8
1133,2.9
1507,4.1
1234,2.7
1128,2.4
935,1.0
1304,2.1
778,0.5
858,0.5
771,0.4
1199,1.9
1333,3.7
918,0.5
868,1.1
1368,3.0
1408,3.3
933,0.9
981,1.6
934,1.6
1275,2.7
1099,1.6
931,1.0
1142,2.4
1253,3.2
1063,2.0
1596,4.8
1209,2.4
1104,2.0
1147,3.3
1427,5.1
1107,3.0
842,0.4
1220,4.1
1105,2.2
1044,1.3
1017,0.1
1317,3.7
1291,4.1
1389,5.2
1297,3.1
886,1.0
1573,3.8
1316,3.4
1142,1.7
1075,2.3
1229,1.9
1078,2.3
1136,0.6
1009,1.9
1435,3.2
932,1.2
876,0.3
1126,0.7
806,0.9
988,0.4
956,1.9
967,0.7
984,1.5
1044,1.1
1246,2.7
1049,1.1
1141,2.0
951,1.7
1394,3.9
1246,3.1
1432,1.0
1063,1.6
1440,4.2
1235,2.1
1439,1.5
1075,1.0
1421,3.4
1017,2.1
1009,1.4
896,0.4
1403,3.4
1177,2.8
1176,4.2
1001,1.2
1366,5.2
1529,4.2
849,0.8
1081,2.0
1068,2.8
870,1.0
802,0.8
1557,4.9
1126,1.3
975,0.9
1549,4.0
774,0.7
1075,1.4
925,1.0
879,0.6
1075,2.4
1464,5.6
1211,3.3
866,0.9
1258,3.7
1846,5.7
808,0.1
1374,4.9
1246,2.0
1506,4.9
1181,3.1
1260,2.6
942,1.3
1359,4.0
1139,3.1
863,0.6
991,1.1
1228,3.0
953,1.2
1105,2.0
1472,5.0
969,1.3
926,1.8
972,1.3
1681,6.8
987,1.3
1050,1.9
923,0.7
998,1.8
1286,3.1
1328,4.3
805,0.3
703,0.4
817,0.5
1053,1.9
978,4.0
1187,2.5
1371,3.2
990,0.6
918,2.5
1336,4.9
1083,2.6
1174,1.0
935,1.5
1061,1.8
1164,3.4
976,1.2
1192,2.2
1214,3.8
1450,4.3
1298,4.2
1570,5.8
1881,9.9
793,0.7
1120,2.8
1248,2.6
1042,2.5
881,0.7
1078,1.5
991,1.7
1016,1.6
1137,3.6
1148,2.8
1107,1.9
954,2.9
1024,1.3
1129,3.8
1202,2.7
1553,7.5
1030,1.4
919,0.9
1041,1.0
940,0.9
1025,4.0
1371,3.4
996,2.4
939,0.7
835,1.2
1029,1.5
1024,1.1
1069,1.3
854,0.7
860,0.8
1084,2.9
1034,1.4
875,0.5
1076,2.7
1182,2.5
903,1.1
1535,2.6
1230,1.5
986,1.2
1103,1.0
1075,1.7
1521,4.0
755,0.3
1193,2.2
948,1.1
1075,6.6
1077,1.6
986,2.7
1087,0.9
1066,2.1
869,0.5
797,0.7
1056,2.2
1466,2.8
1061,1.2
1287,2.7
781,0.3
1008,1.7
834,0.6
1120,2.4
972,1.5
1493,5.0
1060,1.5
1239,3.3
950,1.7
1324,4.0
1075,2.4
1329,4.3
956,0.7
1131,1.8
954,0.8
1143,3.6
1319,5.4
1075,7.4
1403,4.0
984,1.5
1270,2.8
1387,3.6
1017,2.8
820,0.7
1130,2.8
1008,1.8
1229,4.6
1075,5.4
1075,7.4
992,0.7
1325,3.4
779,0.6
1175,2.2
1045,1.6
1116,1.7
987,1.2
987,0.9
922,1.5
1020,1.2
822,0.5
975,0.7
1491,2.9
1473,2.8
1258,2.9
1389,4.6
1109,2.3
1322,3.3
974,1.4
1220,2.3
1144,2.3
820,0.6
1179,2.4
1510,4.2
1118,2.3
1012,1.4
1124,1.6
1118,2.1
1075,2.1
779,0.5
1007,1.4
771,0.4
926,1.7
1598,4.4
1247,2.9
1146,3.0
905,1.9
943,1.5
938,1.4
1094,1.0
1022,1.5
882,0.3
1348,2.9
994,1.5
977,0.8
1460,4.9
790,0.5
891,0.8
1720,6.0
1181,2.5
1049,1.8
1293,2.6
1312,3.1
1309,4.5
972,2.9
977,1.7
1280,2.8
1138,1.9
902,0.5
1164,1.7
1424,3.7
900,0.7
827,0.5
1430,3.2
1457,3.2
1666,6.0
930,0.7
1372,2.0
1047,1.1
1196,2.7
1075,1.6
1412,3.4
938,1.0
1075,1.5
987,1.3
1048,1.5
1131,1.7
1354,2.9
906,1.2
883,0.9
1422,2.1
987,1.5
791,0.4
1043,1.6
985,1.4
1247,5.0
939,1.4
1381,2.7
960,1.4
968,0.7
1208,3.3
1824,8.4
1175,2.2
1203,2.8
974,1.5
823,0.8
1075,2.5
1001,1.5
926,1.0
926,1.4
993,1.0
1093,3.0
933,1.5
1075,0.6
1161,1.6
1069,1.2
1152,2.6
828,0.4
1098,2.5
928,1.1
826,0.5
1257,3.5
1074,3.2
1169,2.7
1062,1.2
933,1.2
836,1.0
1317,3.7
1102,1.5
1004,1.7
1064,2.1
1549,6.7
1137,2.2
1180,2.8
1240,2.9
1073,1.4
826,0.5
1056,1.4
861,0.9
1052,2.3
1002,1.4
1170,1.7
1112,1.8
998,1.2
1417,5.4
927,1.5
1075,6.2
1284,3.3
1277,2.7
1075,3.3
1337,4.4
1075,5.4
1065,2.7
1124,2.0
1045,1.2
1075,2.6
1493,3.4
977,1.6
1013,1.1
891,3.7
1434,3.1
1378,3.4
1364,2.8
918,1.1
888,2.4
1146,2.5
1093,2.0
785,0.4
968,1.9
1472,3.1
807,0.6
734,0.5
1055,1.4
866,0.7
1042,1.7
708,0.3
1318,3.4
1269,3.3
1197,2.0
939,1.0
965,1.7
1208,1.9
1138,1.5
1139,2.9
1163,1.9
697,0.2
1038,2.1
1182,2.8
1035,1.3
1009,2.1
1155,3.1
805,0.8
1075,1.2
1231,3.0
1171,4.2
1189,1.0
1301,3.4
893,1.1
1057,2.8
825,0.7
1247,3.3
1276,2.5
1075,0.7
1244,2.9
883,0.9
1149,1.7
1409,3.0
1147,2.5
809,0.5
705,0.6
1075,1.0
1116,1.5
1267,3.4
1119,2.4
1522,4.3
1187,2.6
760,0.4
1166,3.1
1041,1.4
1209,4.0
967,2.7
1558,5.1
1069,1.9
1061,1.9
892,0.8
1222,2.1
833,0.7
819,0.4
994,2.5
1311,2.5
826,0.6
1209,2.4
1006,1.1
1055,2.4
927,0.9
923,1.4
1010,1.2
1075,4.5
1125,2.6
1005,1.6
998,1.5
1171,2.8
1006,2.1
1103,2.9
889,0.9
825,0.6
1275,1.6
1055,1.6
971,2.1
1168,2.7
1011,1.5
957,1.0
1751,4.1
1055,1.4
1011,1.7
1094,3.9
1026,1.7
1352,4.6
822,0.9
965,1.6
984,2.0
916,0.6
1210,2.8
1142,2.4
1522,5.4
1016,1.5
1166,1.6
1473,3.2
1298,3.6
1357,3.3
806,0.9
821,0.5
1025,1.4
1135,3.4
1617,4.5
1130,1.8
1116,3.6
973,1.9
1091,2.2
903,0.9
1089,2.2
1070,1.6
859,0.5
878,1.1
962,0.8
1236,3.5
1202,3.1
1014,1.9
1293,2.8
1075,2.6
1693,8.3
1512,3.6
1278,3.5
953,0.5
1184,2.7
1126,2.6
1584,4.0
818,1.5
1099,0.9
1066,1.5
856,1.6
1095,1.3
1057,2.9
1316,3.8
868,0.7
1100,1.2
1120,1.5
1016,2.0
1380,3.1
1079,0.3
1047,1.6
1135,2.3
1053,1.6
783,0.7
1179,3.8
903,0.5
863,0.9
986,1.1
1080,0.9
1171,2.3
1324,3.2
1092,2.0
1073,1.3
1373,4.3
1136,1.1
1063,1.6
1279,3.5
1423,3.5
1623,5.4
1539,4.9
940,1.0
881,0.7
923,0.7
1251,2.6
1018,1.4
1003,3.0
1084,2.1
1236,3.4
1006,1.6
844,1.1
959,1.8
1029,1.7
1071,1.2
1410,3.5
960,1.3
1376,3.7
1218,3.2
1135,2.9
889,0.3
1335,1.7
1326,4.1
954,0.7
1316,3.7
1370,2.6
1075,3.2
1566,6.2
1094,2.1
1355,4.4
1409,4.3
887,0.5
1146,2.1
945,0.6
1263,2.5
1252,2.5
871,0.3
743,0.4
1144,1.7
938,0.9
1148,2.4
1262,3.7
1075,2.0
1157,3.2
1183,2.9
1254,2.5
914,1.0
835,0.4
1150,1.9
1166,3.4
987,1.9
757,0.3
1209,2.7
925,0.9
863,0.2
1116,1.9
1161,1.3
853,0.5
850,0.5
863,0.9
1131,2.4
971,0.9
1152,2.5
1129,2.0
1664,5.4
1056,2.7
1506,4.7
1070,1.4
1452,3.3
691,0.5
891,0.7
957,1.7
1296,4.4
1138,2.2
1218,2.6
1182,1.7
1075,0.8
904,0.6
1083,2.1
1040,1.2
1208,1.2
1075,2.4
861,1.4
961,1.6
1124,2.3
1016,2.6
1232,3.0
888,1.1
1329,2.9
1261,2.7
1105,2.4
789,0.4
888,1.1
823,0.4
981,0.9
1119,3.9
901,0.9
1075,1.9
1248,2.7
1075,1.7
1314,3.1
969,0.8
1100,2.3
985,1.3
1075,5.6
1064,1.4
1143,2.5
944,1.4
1065,2.0
883,1.3
1263,3.0
1474,3.2
815,0.6
810,0.7
990,3.0
1068,2.1
1075,1.0
887,1.2
1233,2.3
901,0.7
1378,4.4
1153,3.1
775,0.8
709,0.3
869,0.6
1021,1.5
1393,2.5
1098,1.5
1196,3.0
1274,2.3
931,2.1
1205,2.2
849,0.6
938,2.4
703,0.5
1507,4.5
1025,1.4
1172,2.4
965,0.9
1092,1.6
1515,2.8
938,2.0
1023,1.1
1493,4.9
1050,2.2
1427,3.7
1363,3.6
1050,2.5
1224,2.7
817,0.5
1423,3.2
1065,2.7
1304,3.4
1122,2.0
1474,3.2
1214,2.5
1472,4.7
1113,3.1
1592,4.6
1344,3.9
958,0.7
1215,2.6
1125,2.3
1500,4.1
1418,3.5
1185,2.2
866,1.0
1274,2.5
871,1.2
1303,3.3
1197,2.6
1258,3.3
1141,2.0
810,0.9
1089,2.1
959,0.8
1200,2.4
792,0.7
1024,1.1
1316,3.4
1358,3.9
1196,1.9
792,0.8
1177,3.5
1438,3.9
937,0.4
1557,4.7
1050,2.0
1031,1.7
1216,2.5
1342,3.8
1383,2.9
940,0.8
1228,2.5
1075,1.7
1075,3.9
1374,3.8
1488,3.3
907,1.2
1477,5.0
979,0.9
973,1.6
1471,6.8
1160,1.8
1210,3.0
1020,1.3
1007,1.7
1307,3.0
1392,4.0
815,0.9
777,0.3
1058,1.4
959,0.5
1543,4.5
1196,3.1
1394,3.3
1025,2.1
729,0.7
1349,3.6
1640,5.4
1415,3.0
1097,2.1
1181,3.5
1537,4.3
1042,2.0
914,0.6
1470,4.7
1247,3.6
1161,2.4
840,0.8
870,0.8
773,0.8
1277,3.8
1034,1.3
856,1.7
1410,3.0
940,1.4
1075,2.1
852,0.5
1486,4.2
1526,5.6
1090,2.2
1017,2.0
873,1.3
998,1.5
1349,4.8
1114,1.9
1302,2.6
968,0.7
926,0.9
1183,2.5
836,1.2
1029,3.8
802,0.4
1042,1.3
1439,4.0
1189,2.7
1083,1.5
1556,3.7
1281,4.0
869,2.3
1056,1.6
1367,3.9
1038,1.1
1633,4.8
1428,3.6
1287,2.0
810,0.6
971,1.5
1120,3.3
929,1.1
1192,3.1
1043,1.5
1443,1.4
1299,3.6
927,0.8
1067,2.4
1304,3.4
990,1.4
1290,2.7
1609,6.4
1226,2.5
1046,0.8
1207,2.2
860,1.0
1427,4.0
921,0.8
858,0.1
993,1.8
1501,4.9
849,1.0
997,1.4
1130,1.8
1537,6.0
970,3.2
919,1.4
1209,3.0
1378,3.9
1346,3.0
1023,1.4
847,1.0
1170,3.1
1289,3.6
732,0.5
838,0.4
1000,0.9
798,0.6
1061,1.7
850,1.5
1060,1.5
1636,5.7
1208,0.9
1153,2.8
1739,6.2
855,0.9
984,1.9
984,1.3
1237,2.6
1327,3.1
1121,3.0
1421,4.0
774,0.4
1307,2.8
1657,4.5
1302,2.7
948,1.0
1100,3.1
1075,3.8
1383,3.9
765,0.5
1405,3.9
889,1.6
1203,2.9
976,1.7
961,0.7
1222,2.7
1296,2.2
906,0.7
1351,3.4
1146,2.1
949,1.9
1073,1.8
875,0.7
1488,4.4
903,1.1
1299,4.7
1350,2.8
1109,2.0
985,1.5
1192,3.1
1037,2.0
1176,2.2
1205,2.3
1075,3.8
1049,1.8
1189,1.0
1282,2.4
898,1.4
953,0.6
1075,0.6
1253,3.3
1377,4.4
1332,2.2
1053,2.6
896,0.8
776,0.5
1171,2.3
900,1.1
1299,3.3
1348,4.3
932,1.3
857,1.6
1029,2.6
851,0.4
1055,2.1
1132,2.4
1267,3.6
1177,1.7
1033,1.0
1087,2.1
1366,2.8
1156,2.0
1077,1.6
897,0.1
997,1.2
1224,3.1
1351,4.1
1075,1.4
1434,2.3
1446,3.9
1341,5.9
1173,2.5
1141,1.7
775,0.4
1041,1.5
1057,1.9
1110,2.1
830,0.6
1918,11.5
1207,2.0
896,1.1
1242,2.1
782,0.6
1283,4.1
963,1.0
1473,3.6
1105,2.2
900,0.7
797,0.4
1481,4.4
1075,3.5
1636,3.1
1022,1.9
1297,2.3
819,0.9
848,0.3
864,0.6
891,1.1
1529,4.9
1075,2.1
1073,0.7
1147,1.7
1145,2.5
722,0.8
755,0.7
1384,3.9
938,0.7
839,0.7
844,0.6
804,0.6
1056,1.3
1548,3.3
958,1.4
1097,1.5
1032,1.2
1165,2.1
1222,4.1
913,0.6
968,1.5
1192,2.3
1225,1.8
904,0.9
1253,2.2
1325,1.4
1224,2.8
1425,4.3
947,1.1
1520,4.5
1606,5.7
869,0.7
1201,2.4
1050,1.8
1072,2.7
1045,1.2
988,0.9
1145,2.7
859,0.6
867,0.8
1312,3.6
980,2.0
1479,5.7
1419,3.6
1006,1.1
1077,1.7
934,2.9
968,1.4
1125,2.8
1377,2.7
918,0.6
876,0.4
1473,3.8
963,1.8
845,0.3
980,1.6
1317,2.1
1590,4.4
1146,1.4
1053,2.2
1053,0.1
910,1.0
1514,5.5
1170,2.5
901,2.6
1525,4.3
1195,2.4
834,0.6
1086,2.0
840,0.7
879,0.7
1448,4.2
1126,2.8
924,1.1
1408,4.6
1075,1.1
912,1.3
878,0.5
981,1.1
1177,2.8
1200,2.3
1152,2.6
1106,1.6
1054,1.7
1058,1.7
1149,2.2
1127,2.6
942,0.6
1722,6.2
850,0.6
1104,2.0
1164,3.2
1581,4.8
1442,4.2
1115,1.4
960,1.4
872,0.5
962,1.5
1003,1.1
1269,2.3
1103,1.7
927,0.8
1007,2.1
1307,2.7
1505,5.9
1486,6.3
1674,4.8
876,0.8
759,0.4
1593,5.7
1286,2.0
1015,1.9
942,0.7
1204,2.9
781,1.0
913,0.5
1069,2.2
1142,2.3
1017,1.3
936,0.8
1274,3.5
1085,1.9
1408,3.8
1220,2.8
1224,3.8
844,0.4
1075,1.8
1445,2.8
868,1.0
963,0.9
1252,3.2
868,0.5
845,0.8
1016,2.0
901,1.0
1060,1.4
852,1.6
1463,4.3
761,0.6
857,1.0
889,0.7
1161,2.5
978,1.1
903,1.3
1052,1.4
1027,1.1
1224,3.1
1135,2.9
647,0.3
1065,2.1
1075,1.2
1441,5.0
1430,3.5
718,0.3
1583,5.6
1119,2.0
1043,1.8
1704,6.2
1160,1.2
897,1.3
1414,3.8
1086,1.4
1058,2.6
1267,2.2
1153,1.9
1321,2.6
970,1.2
1121,1.7
1357,3.5
1163,3.0
971,1.6
1195,2.1
1228,2.2
833,0.6
1087,1.6
1348,2.4
793,0.8
1166,4.0
1026,1.9
797,0.6
895,0.6
1075,4.3
1419,6.0
1295,3.4
732,0.3
1385,2.2
1075,2.4
1100,2.8
946,1.7
1081,2.6
1008,0.8
862,0.2
1175,1.4
1279,2.7
1362,5.2
963,1.5
1180,3.3
1205,2.1
980,1.2
1002,2.3
1054,1.9
957,1.3
1328,3.9
952,0.9
857,2.3
1090,2.2
1128,2.8
1075,2.1
1137,1.6
774,0.2
967,2.1
1136,2.2
886,1.0
1007,1.0
976,1.1
1041,1.9
1296,2.3
1117,2.4
1054,1.2
1099,2.4
966,1.3
1167,3.3
1821,7.3
895,1.2
1251,2.8
1385,2.7
850,0.4
993,1.3
1076,2.2
1448,3.3
1093,1.6
1075,2.7
1075,2.8
1266,3.3
1195,4.0
888,0.6
1443,4.4
1142,2.5
1029,1.2
1092,0.3
992,0.7
922,1.9
1438,3.8
1208,1.6
944,2.0
1066,1.9
1083,1.2
837,0.7
1146,2.3
977,1.5
1033,1.4
1543,4.1
969,2.2
1296,2.7
1075,7.1
1200,3.0
1186,2.0
975,1.3
1371,4.0
1133,3.2
1042,2.0
984,1.2
1102,2.9
938,0.7
965,0.3
1120,1.6
1075,3.8
1142,2.3
1023,1.4
1237,3.1
814,0.6
1067,1.2
908,1.4
1371,3.0
1000,1.6
951,0.8
1062,3.4
850,0.3
917,1.0
1176,2.0
1155,1.2
1292,2.6
825,0.5
874,1.2
1003,0.7
1200,2.6
922,0.6
1247,3.6
1039,1.3
1153,1.8
1202,3.2
920,0.3
951,1.6
1214,2.0
897,0.7
986,2.3
1102,2.1
921,0.7
1239,3.5
957,0.8
1178,2.4
1193,2.8
1085,2.0
934,1.0
973,1.6
1359,2.8
864,0.3
1075,3.6
855,0.8
1646,6.6
1256,2.4
1264,2.4
1523,5.2
1034,1.4
937,1.9
1026,1.1
971,2.0
970,1.8
844,0.6
1263,2.7
1035,2.0
1039,2.5
895,0.6
923,1.1
1007,1.5
1269,2.6
1253,4.8
954,0.9
1174,3.2
1078,1.9
1580,4.1
1169,2.2
1421,3.4
1027,1.6
915,1.5
1065,1.9
1659,7.8
1231,2.8
1098,2.2
1137,3.2
1183,4.1
1196,1.9
1165,2.0
974,2.0
965,1.1
689,0.2
1028,2.2
1118,1.7
842,0.4
1494,4.8
892,1.0
1005,1.7
1360,4.2
838,0.7
955,1.4
879,0.7
1312,2.8
1135,1.7
1495,4.5
925,0.7
1611,3.2
922,1.1
1396,5.0
953,1.3
1605,4.9
1465,4.9
788,0.5
835,1.0
1033,1.9
1305,3.0
1239,2.5
1018,1.2
1200,3.5
1287,1.9
1408,2.3
1118,1.3
985,1.6
971,1.7
1488,4.4
1498,4.7
1551,3.3
850,1.0
1112,2.0
1036,0.9
1162,2.3
1071,1.9
1143,2.2
1122,2.3
1258,2.8
1011,1.4
1276,2.9
1210,3.1
841,0.6
765,0.8
1229,2.9
1399,3.4
1375,2.9
1171,2.2
1496,5.8
940,1.0
1389,3.5
1153,1.6
1065,1.4
1301,3.0
906,1.4
1198,1.2
819,0.6
1110,2.5
1313,4.8
1406,4.1
1156,2.4
1103,2.6
989,0.9
917,0.7
873,0.8
948,2.5
1160,2.9
1124,1.5
1407,4.1
1375,4.0
914,1.2
1795,5.7
949,0.9
1001,1.2
951,0.5
840,0.5
1092,1.3
853,0.5
1160,1.6
814,0.4
865,0.7
1058,1.5
1075,1.0
978,2.1
1159,2.7
1560,3.4
1035,2.1
1404,3.6
942,1.2
955,0.7
1583,4.6
1075,3.5
1167,2.6
983,1.1
1184,2.8
825,0.5
987,2.0
1473,2.3
1233,2.8
1326,4.6
1127,2.1
1210,2.3
1182,2.0
1583,5.6
1189,2.2
1270,2.7
896,1.3
1425,4.8
990,1.6
875,1.1
1097,2.3
1288,3.2
962,1.5
1468,3.7
1069,1.5
1604,4.9
1305,3.3
1669,8.4
920,0.2
1072,1.3
963,1.0
1022,1.4
879,1.1
1109,3.0
822,0.6
1430,2.9
1379,2.3
1204,2.5
798,0.9
1078,1.3
867,1.4
1040,1.7
1050,1.6
1078,1.8
1835,4.9
1166,1.9
852,0.5
669,0.4
1375,5.6
884,1.0
910,0.6
865,0.6
1111,1.6
875,0.7
1243,3.1
915,0.8
974,1.0
894,0.9
1248,1.7
839,1.3
804,0.5
1075,2.2
1253,4.0
1156,2.0
1301,2.6
1123,1.5
881,0.3
1103,1.9
918,1.7
1049,2.4
1012,1.4
842,0.5
1386,5.0
922,2.0
1754,5.9
1177,2.2
1075,3.6
1089,1.6
851,0.5
1075,1.4
840,0.7
1197,2.0
1465,3.5
1075,0.8
960,0.8
985,1.2
757,0.7
1042,1.1
1297,3.7
1075,0.9
1040,2.0
723,0.4
738,0.4
1376,4.1
830,0.8
1499,3.9
992,1.9
1423,4.1
857,1.4
1075,1.1
1308,3.1
1075,1.8
949,1.0
966,2.0
1309,3.2
1075,0.7
940,2.1
1017,1.1
1501,3.5
1289,3.2
758,0.5
1161,2.8
1187,2.7
944,1.0
1526,5.1
1683,8.6
817,0.5
916,0.3
894,1.2
1396,4.2
919,0.5
911,1.1
1036,1.6
883,1.2
1076,2.1
1172,2.8
975,1.5
870,1.1
1020,1.3
859,0.4
1214,2.7
1284,2.9
1326,0.9
998,2.9
1095,1.5
1092,2.3
847,1.0
888,0.9
1085,1.1
1425,4.5
986,0.8
973,1.7
914,0.9
1142,2.3
1302,3.1
758,0.7
1100,2.7
1005,0.9
980,4.1
990,1.6
1416,4.7
964,1.7
928,1.0
1088,1.5
831,0.3
1510,5.5
1140,0.2
1272,1.5
1147,1.6
1123,1.9
884,0.5
1423,4.4
881,0.3
1059,2.6
1197,2.5
935,0.9
848,0.7
1148,3.4
1429,5.3
1251,3.9
943,1.4
1454,4.1
981,1.7
1288,3.4
888,0.7
1096,0.8
1059,1.7
1201,1.7
927,1.0
1075,2.2
751,0.5
1261,2.8
1197,0.9
952,1.1
1639,6.5
1014,1.4
1257,3.4
841,1.0
1077,1.8
1228,2.3
1574,5.1
1264,3.2
1081,1.8
932,0.6
1096,1.4
1113,2.3
1138,2.0
1229,2.9
843,0.4
922,1.2
1206,3.0
929,0.6
871,1.0
1044,2.1
818,0.6
919,1.1
1051,1.9
1051,2.0
1111,1.5
1173,3.6
821,0.7
1022,1.2
1203,1.4
1610,5.2
1040,1.3
859,0.7
1145,2.1
1107,1.7
1258,1.9
952,1.5
1134,1.9
1533,5.4
1050,4.2
1192,3.4
910,1.0
1205,4.3
947,1.2
1090,1.5
1324,3.5
1205,1.8
952,1.3
884,1.5
1165,2.1
1353,3.5
1202,2.3
969,1.8
836,1.3
1192,2.0
968,1.3
1313,4.3
1419,3.7
1272,3.6
925,0.3
1195,3.6
1081,1.7
1108,1.6
1347,3.8
1074,1.9
981,1.6
847,0.9
1054,1.9
1075,4.1
1822,7.7
1157,2.6
923,0.9
1154,1.7
1053,2.7
1766,6.9
996,2.0
885,1.0
1001,1.7
1234,2.7
1236,2.9
815,1.1
1123,2.4
961,1.8
1123,2.5
818,0.7
1143,2.6
1212,3.2
1147,1.6
1004,2.0
877,0.4
1006,2.6
1522,3.6
989,1.3
1012,1.0
1612,5.5
915,1.5
1192,1.9
1293,2.4
843,0.2
1323,2.2
1136,3.1
852,0.8
1600,5.0
1058,2.1
1237,2.8
1280,2.7
1280,3.3
1085,1.6
1182,2.2
1285,3.2
1166,0.8
1075,1.7
913,1.4
991,1.4
954,1.6
1227,3.0
923,1.0
880,0.1
1152,2.1
1474,3.2
1268,3.9
1075,1.7
833,0.5
1145,1.7
1024,1.6
1330,3.2
1046,1.9
1060,2.5
1351,4.0
1323,3.1
1389,2.6
1426,5.0
1189,3.5
1160,0.3
891,0.8
844,0.5
1075,8.6
1075,1.9
1021,1.7
1001,1.4
1081,3.1
818,0.6
1587,4.4
1008,1.3
873,1.0
989,1.5
1132,2.3
1440,3.5
888,1.0
1336,2.7
1011,1.5
1037,2.3
878,0.7
1104,2.2
1144,2.7
1075,2.2
965,1.5
1521,5.8
1152,1.5
1075,2.3
1064,2.8
835,0.6
1527,3.7
1222,2.5
1217,1.6
799,0.7
1310,2.6
1044,1.4
896,0.7
1096,1.9
1564,7.2
1168,2.1
1104,2.6
1079,1.5
1010,1.5
989,1.0
1387,3.5
1075,3.1
1053,1.6
1340,3.6
1316,3.5
1440,4.2
903,0.4
877,1.2
778,0.4
1391,2.6
1235,2.0
1010,1.9
1026,2.2
1001,1.5
911,0.8
1479,4.3
1521,5.0
877,1.4
734,0.3
1071,2.4
805,0.6
1320,3.4
1251,2.5
1501,4.5
958,1.2
1032,1.4
895,1.0
1298,2.5
1517,5.0
1030,2.9
1280,3.2
917,0.7
792,1.0
994,2.1
1159,1.9
744,0.4
995,1.5
1070,1.3
1440,4.7
1028,0.1
1041,1.6
1456,4.0
1153,2.6
959,1.9
1053,2.0
921,1.3
996,1.4
931,0.8
968,1.4
1588,6.4
1147,2.4
1272,3.3
1075,5.5
1203,2.0
815,0.4
1062,1.5
955,1.3
844,0.4
847,1.0
1212,2.2
1072,1.2
1232,2.2
920,1.0
796,0.8
1251,3.0
854,0.2
1075,4.7
934,1.2
1200,1.9
990,1.2
1252,3.6
1295,2.5
1056,1.7
1455,3.5
804,0.4
1409,4.0
1083,1.6
1304,3.3
1121,1.9
977,1.0
1035,1.5
1308,3.0
1422,5.4
1407,3.7
1072,2.5
1047,1.5
1322,2.7
1137,2.0
954,0.8
1052,3.2
1870,8.1
1405,4.7
1499,3.1
1225,3.0
873,0.4
1745,6.5
1363,3.1
1385,3.0
1075,1.9
1075,1.1
905,1.5
1021,1.4
1075,1.8
1075,3.6
1355,4.8
1286,2.0
996,0.6
1355,3.7
1022,2.3
1167,4.1
843,0.5
938,0.8
900,0.8
1075,2.6
1075,1.1
964,1.2
804,0.3
1117,2.0
1242,1.8
1032,1.7
1131,2.3
973,1.4
920,1.3
1279,2.3
834,0.3
1075,2.6
980,1.2
1064,1.7
1021,1.7
1501,5.4
1277,4.6
1277,2.5
1283,2.3
877,0.6
887,1.8
1316,2.7
1038,1.4
1309,2.8
1274,3.2
896,1.5
888,0.6
1075,1.7
1283,1.0
1464,3.4
998,0.9
972,1.2
1234,2.3
1354,5.6
1080,1.7
1011,1.3
678,0.3
781,0.1
1098,1.8
1100,1.9
924,1.3
1297,2.6
1037,2.0
1119,2.3
1075,0.8
911,2.2
1554,4.4
1175,2.1
1407,4.5
1132,2.1
1422,5.4
896,0.3
915,1.1
1075,4.9
824,0.5
1041,0.9
998,1.9
874,1.1
1050,2.2
918,0.8
826,0.4
1234,2.7
878,0.6
1155,2.1
1055,2.7
849,0.8
840,0.5
1070,1.4
1224,2.1
1079,1.3
1485,4.1
1017,1.6
1449,4.0
878,0.7
1405,3.4
1306,3.9
766,0.5
1059,2.3
1019,2.0
960,1.1
1028,1.6
1255,2.0
1132,2.5
1934,6.6
1143,1.8
1424,4.0
1055,1.3
1168,2.4
883,1.0
1046,2.2
1246,3.0
1418,4.0
1008,1.3
904,0.7
1082,1.8
970,1.0
877,0.5
1127,2.5
1043,3.0
787,0.6
1273,3.5
1227,2.6
1568,4.6
1425,4.1
846,1.0
1124,1.6
850,0.6
1151,2.5
1136,2.6
1489,3.9
1421,4.7
1075,3.9
875,0.8
1307,3.7
940,1.0
1162,3.4
1018,1.3
1105,2.4
832,0.6
1116,2.4
821,0.8
1308,3.4
1281,2.7
762,0.6
864,0.6
1316,3.3
811,0.3
976,1.5
947,0.8
1490,2.6
924,1.3
1038,1.0
975,1.1
916,1.1
1379,3.7
940,0.9
1075,5.2
1021,1.8
1042,2.4
919,1.0
1278,3.4
814,0.4
837,0.3
980,0.8
1059,1.5
956,1.1
1059,1.3
1370,2.9
861,0.6
1075,3.6
893,0.6
1515,5.7
1462,6.6
930,1.1
1195,2.5
1074,1.2
883,1.1
1167,2.6
1237,2.7
1065,1.9
1961,8.1
1105,1.8
790,0.5
1231,2.5
1075,1.0
1512,4.2
886,1.0
1236,1.6
812,0.9
1042,1.5
1089,2.4
1163,1.7
1075,0.7
801,0.5
1207,3.3
1102,2.3
1165,1.8
796,0.4
1342,3.6
791,0.4
1027,1.1
1452,2.3
1544,4.6
1053,1.0
1103,2.7
1380,1.3
962,1.0
1136,2.1
1166,3.5
1313,2.7
1496,2.8
1495,4.7
1426,5.6
1028,1.7
1212,2.1
1458,5.6
1204,4.1
1498,3.8
1472,3.1
1100,1.9
1075,1.8
1290,2.2
964,1.1
995,1.4
1029,1.6
948,0.8
1000,1.3
1142,1.7
880,0.6
1476,3.2
1374,3.0
890,0.7
1060,2.4
897,1.7
960,0.9
953,1.2
1048,1.8
803,0.5
1042,0.9
1100,1.7
718,0.6
847,0.4
830,0.6
1300,2.7
1165,3.8
1206,2.6
1148,2.2
1262,3.1
1693,5.5
1221,2.8
867,1.0
1011,2.0
1066,1.9
926,1.3
1132,2.2
1060,0.9
1163,2.4
748,0.3
852,0.6
923,0.8
994,1.4
840,0.6
938,1.8
1058,1.9
812,0.6
1408,3.5
975,1.0
1004,1.0
1182,2.3
1117,2.1
1151,0.5
1117,2.0
1324,3.4
855,1.0
1463,5.9
1124,2.4
1087,1.9
1040,1.5
841,0.6
1276,4.0
965,1.0
1075,1.8
871,0.5
1314,3.5
937,1.4
1075,2.4
1038,1.3
1182,3.0
1047,1.5
929,1.2
1461,4.6
936,0.6
864,0.3
1248,2.6
988,1.0
1705,6.6
970,2.0
804,0.5
1138,2.6
1242,2.4
843,1.3
919,1.1
1324,3.0
1264,2.3
856,0.5
1274,2.4
1086,1.8
905,1.7
959,1.1
947,1.0
697,0.3
1277,2.5
1236,4.1
1184,2.7
1309,3.3
925,1.1
962,1.8
828,0.4
806,0.8
1078,2.1
1350,3.1
1240,3.3
1518,4.1
1329,2.9
1065,1.3
1040,2.4
911,0.9
1271,3.2
1207,1.9
1153,0.9
1310,3.5
827,0.7
1083,3.4
873,0.6
1381,2.7
948,0.9
1030,1.2
1314,2.9
770,0.5
1187,2.6
982,0.9
1285,1.3
973,1.4
971,1.9
1268,2.0
1026,1.2
1676,6.4
953,1.6
1022,1.1
1494,4.4
1249,4.1
1179,5.5
909,0.4
824,0.5
911,0.8
1008,1.6
799,1.1
907,1.6
1045,1.2
1252,3.6
1196,3.6
1171,2.3
1008,1.7
1264,2.9
1042,1.6
1324,3.1
882,0.6
741,0.4
913,1.2
1077,1.5
737,0.6
1235,3.1
877,0.7
933,1.5
1524,4.4
1567,5.3
903,0.8
840,1.0
1477,4.5
914,0.9
746,0.8
949,1.2
1046,1.6
868,0.8
1287,3.5
846,0.5
1095,2.1
1396,3.2
1260,2.3
934,1.4
974,1.6
939,2.5
1597,4.7
1451,3.7
1120,2.9
1199,2.3
942,1.5
891,0.4
1347,3.2
1038,1.1
788,0.5
902,1.3
1075,5.3
790,0.6
1407,3.1
1316,3.2
1553,5.0
935,1.0
938,1.0
806,0.2
1196,1.9
929,1.2
1285,2.5
1180,1.9
993,2.3
1310,2.4
833,0.9
1523,4.2
1009,1.3
962,1.3
1055,1.2
1409,2.8
1035,0.8
1513,5.5
1075,1.3
891,1.3
846,0.5
1164,1.5
1095,1.5
1343,4.1
1045,1.8
1250,2.4
1202,2.1
870,1.4
930,0.5
805,1.0
875,0.3
1095,1.6
1738,6.3
1494,4.2
1058,1.6
1023,2.1
1120,2.0
1007,1.4
1822,8.4
1390,4.6
1286,1.9
1036,1.4
918,1.4
989,1.2
1153,2.4
1078,2.1
852,0.7
1083,2.0
1018,2.0
1231,3.0
1186,2.0
911,0.8
1009,1.5
1609,4.2
821,0.6
1221,1.5
1039,2.0
1084,1.7
1167,2.0
911,1.2
1223,1.7
1252,3.1
1425,5.4
1234,1.9
1169,2.6
1120,1.4
1438,6.1
919,0.6
1375,3.1
1157,4.1
1101,2.3
895,0.8
1313,3.9
1417,4.1
1209,3.9
997,2.4
1482,4.6
1256,2.0
836,0.5
1669,5.8
1079,1.8
1755,5.0
961,2.2
873,0.8
1524,4.0
741,0.8
1132,1.2
1025,1.2
900,0.7
973,1.4
1973,7.6
1111,2.5
1075,3.8
1336,3.5
908,1.2
1020,1.3
1009,1.5
966,0.5
710,0.6
1014,1.7
1162,3.2
1098,0.7
919,1.8
831,0.3
1183,2.6
1008,1.2
925,1.4
1061,1.1
1515,4.5
938,0.7
897,0.6
1378,1.4
1119,2.1
1116,2.4
1552,5.9
853,0.1
1022,1.1
1474,3.7
980,0.6
838,1.1
1037,2.6
814,0.8
1036,2.3
819,0.8
881,0.9
1196,1.7
1063,1.8
936,0.9
997,1.3
1040,2.0
984,1.5
1130,2.2
1082,1.8
1165,2.6
936,0.6
1724,5.4
936,0.7
1207,2.6
1544,4.3
1172,1.7
1321,3.7
1010,1.5
1031,1.4
784,1.2
1248,2.7
1075,4.7
1342,4.0
749,0.4
1349,3.4
872,0.8
1319,4.3
1247,2.7
862,0.7
679,0.3
906,1.1
1156,2.1
1147,2.3
801,0.7
1124,1.7
1063,2.6
1203,3.0
1257,1.8
956,1.6
906,0.5
1723,8.0
1075,2.4
849,0.6
1157,1.3
1163,1.9
927,1.8
1034,1.0
880,0.7
1208,2.3
1114,1.9
909,1.0
955,1.7
1024,1.1
882,0.7
1451,3.6
909,0.7
899,0.6
1304,3.4
1071,1.7
917,1.6
1035,2.5
1075,1.2
1185,3.1
1673,5.7
1016,1.5
1075,1.7
1028,2.6
1422,3.0
1096,2.2
1313,3.4
1076,1.3
925,0.7
1625,3.9
985,2.0
1262,2.6
912,1.4
1320,2.0
1073,1.5
1168,2.3
1443,5.2
992,1.4
835,0.5
1364,4.0
857,1.1
1247,2.2
1058,1.8
1028,1.3
980,1.1
869,1.3
1333,2.1
1236,2.5
1075,4.2
1032,2.1
1535,5.1
868,0.7
1655,6.4
833,0.6
1458,3.4
1367,2.5
1131,1.9
1436,3.9
975,1.5
1707,4.6
966,1.0
781,0.1
970,0.7
996,0.9
1267,3.6
898,1.0
918,0.9
1451,3.8
879,0.5
1293,2.5
767,0.7
999,1.1
972,0.9
1496,3.7
1333,3.5
940,0.7
888,1.1
1030,1.9
1364,3.3
1108,2.1
989,1.6
1075,2.0
1075,8.4
1444,2.8
864,0.6
1090,2.6
1261,4.0
1081,2.1
1562,4.4
935,1.0
1143,2.8
1417,3.4
1009,0.6
1199,2.1
1102,2.1
1616,5.5
1215,2.4
1182,1.5
1214,2.4
796,0.5
1017,1.6
907,0.5
1151,2.7
933,0.9
972,0.9
1075,1.9
1136,2.5
915,0.8
993,1.5
923,0.5
1193,2.8
1073,1.9
1470,5.9
827,0.7
1176,0.8
1062,1.4
891,0.9
917,0.7
1100,1.2
991,1.0
870,1.2
857,0.8
1265,2.7
1438,2.9
866,1.0
904,0.6
1518,4.4
1075,1.7
1090,1.9
1373,3.4
1045,1.6
831,0.6
1020,1.7
897,1.1
1083,1.7
1215,3.4
1546,3.8
1075,2.1
1003,1.4
698,2.4
1108,2.1
1180,2.6
1075,1.0
1400,3.0
891,0.5
1609,5.9
1381,4.4
1030,1.5
1306,2.9
1080,1.8
1565,4.5
1184,3.7
1329,2.8
1213,2.5
1334,4.6
868,1.1
1183,2.1
1222,1.7
1171,2.5
1194,3.2
1248,1.9
809,0.9
1120,1.6
1104,1.8
979,0.9
1075,1.7
999,2.2
913,1.0
1329,3.1
1117,1.8
1040,1.5
1054,1.5
971,1.5
1303,2.7
1194,2.1
1003,1.3
1432,3.8
1311,2.4
1127,1.8
816,0.9
890,0.7
1252,2.9
1089,1.9
1184,2.3
968,1.6
872,0.8
818,0.5
1761,6.5
1200,1.9
1173,2.9
1091,1.8
1322,2.2
1288,2.6
834,0.8
1158,1.7
951,1.4
1144,1.5
830,0.3
1075,1.0
1212,2.6
1028,3.3
1075,2.0
1254,1.5
1159,2.4
898,0.9
1102,2.0
916,1.4
898,1.6
1228,2.1
990,1.5
828,0.7
911,0.5
1287,3.1
1004,1.3
1094,2.0
1420,4.1
1160,3.9
1126,1.7
1611,4.2
1477,4.4
1074,1.9
791,0.5
1303,4.0
856,0.9
987,1.6
989,1.4
892,0.4
1064,0.7
1628,6.0
1342,2.7
937,1.0
1202,2.2
941,0.8
1099,1.0
814,0.6
1150,2.1
892,1.4
826,0.4
1033,1.0
969,0.7
1140,2.9
1089,1.7
961,1.1
778,0.5
1023,1.6
1337,3.8
948,0.9
972,1.6
889,0.6
1172,2.7
1054,1.0
1118,2.7
1173,2.3
1330,4.0
1075,2.0
839,0.6
1165,4.1
904,1.2
1286,2.3
1167,2.6
885,0.7
1122,1.6
844,1.0
1019,1.3
914,1.1
1372,3.1
1075,1.7
1062,2.1
1626,5.7
1448,4.4
982,1.2
1217,3.5
1021,1.2
974,1.0
929,2.3
935,1.4
1223,2.3
1136,2.1
1082,1.8
908,0.8
871,0.8
879,1.0
1043,2.7
924,1.0
1508,4.3
1105,1.6
928,1.6
1209,3.0
802,0.7
1250,2.4
1111,1.8
878,0.6
982,1.5
929,0.8
984,1.3
1010,1.3
851,0.4
979,1.4
1454,3.1
1407,2.8
1130,2.6
1260,3.2
835,0.8
966,0.8
1069,1.2
936,1.4
1043,1.3
981,0.7
1115,2.4
870,0.1
1184,2.0
872,0.8
776,0.9
909,0.8
955,1.1
1020,1.6
933,1.5
1093,2.0
966,1.9
1057,0.3
815,0.6
838,0.7
1281,3.0
1192,1.7
948,1.4
986,2.2
969,1.3
1148,2.3
890,1.1
907,0.6
1571,6.7
1435,4.2
892,1.4
1156,2.0
1201,1.7
1519,5.1
952,0.7
1162,1.7
1251,2.0
1006,1.3
811,0.6
928,0.9
1497,2.8
930,1.7
963,1.3
1029,1.3
889,0.8
952,0.7
1222,1.9
1075,1.9
915,0.8
1112,2.1
1207,2.7
933,0.7
787,0.5
906,1.1
1075,1.8
1064,1.8
1033,1.2
1326,4.4
880,1.1
1401,4.4
731,0.2
869,0.8
915,1.0
1490,4.0
848,0.5
956,0.8
1400,2.9
1426,4.9
1432,6.7
1032,1.6
1286,2.4
1271,2.9
1022,1.7
943,1.4
1011,1.8
880,1.2
1579,3.5
823,0.6
955,0.6
954,1.3
1039,1.4
1238,2.6
1087,2.4
1386,3.7
695,2.6
810,0.5
1416,3.8
1125,1.9
932,0.9
1188,2.2
1097,1.2
946,1.0
926,2.2
1040,1.9
1149,2.5
984,1.5
1267,2.7
965,1.4
1044,1.2
1250,3.9
1508,6.0
1495,5.9
1312,2.6
1075,1.7
1347,3.6
950,0.3
1438,4.1
1606,3.9
1075,3.0
937,1.6
1071,1.5
1167,2.0
1004,2.7
1443,4.8
735,0.2
874,0.7
923,0.8
1028,2.1
1249,2.8
1265,2.9
1012,1.1
1358,3.6
1225,2.2
1360,3.0
1148,2.7
1427,4.3
929,1.1
930,1.0
1108,1.8
1215,2.4
1005,1.7
1298,4.4
796,0.3
991,1.2
820,0.5
951,1.2
893,1.1
1678,7.5
930,0.4
1898,5.9
1075,2.2
843,0.7
1250,3.3
1022,0.9
1061,2.3
1531,4.0
1124,1.5
1116,2.2
1150,1.4
873,0.4
937,1.8
1120,1.3
941,1.0
1289,3.2
1352,3.9
1049,2.6
1176,1.6
879,0.1
1075,4.1
773,0.5
1210,2.7
1237,3.7
827,0.5
1110,1.7
1139,1.6
1015,1.3
914,1.4
844,1.3
862,1.1
962,1.6
1347,2.3
869,0.2
1205,2.2
889,1.1
928,1.6
910,0.8
919,0.5
1131,0.6
1156,2.1
1133,2.3
922,1.1
1054,2.3
907,1.4
1190,3.0
1199,2.4
1230,3.5
872,0.3
1438,4.4
1527,5.8
1199,2.8
1492,3.9
1133,2.0
875,1.2
1075,1.5
1277,3.5
1461,5.9
1091,2.9
886,1.2
1156,1.6
1186,3.4
1190,2.6
1097,1.7
1140,2.3
1110,1.6
1009,1.3
1472,4.0
878,1.5
947,0.7
1020,1.6
808,1.0
1098,2.1
1198,2.5
1738,4.5
1508,4.7
781,0.3
1075,2.9
1545,5.3
1128,2.2
807,0.7
1385,3.6
1075,2.7
950,1.0
1075,1.0
1032,2.0
998,0.9
1066,1.2
1466,3.8
922,1.0
982,2.3
1371,2.9
973,1.3
1267,3.1
1390,3.1
1292,2.2
794,1.1
1676,4.8
1084,1.9
1072,1.9
830,0.7
863,0.9
1161,1.7
1132,1.7
1142,2.5
851,0.6
1018,2.4
961,1.6
1355,2.3
927,1.3
1086,1.9
886,1.0
1276,2.8
896,1.4
1445,3.9
1062,1.9
1058,1.2
1457,3.0
812,0.2
1546,6.1
1075,3.2
906,1.5
1096,0.4
1068,2.2
809,0.5
953,1.6
853,0.5
1211,4.0
1049,1.6
1122,1.5
1050,0.1
835,0.5
1347,2.9
1278,2.9
1131,2.9
1100,1.8
1348,3.1
1075,2.3
1091,1.8
1382,3.3
1285,3.8
1128,1.3
1235,1.6
883,1.1
787,0.4
1197,2.2
962,1.1
1091,1.4
1025,1.2
1379,2.6
1400,5.8
804,0.7
979,1.5
934,1.3
1206,2.3
830,1.0
1049,1.9
1321,3.1
1047,0.9
1294,3.0
1029,1.4
1023,1.1
967,1.3
782,0.8
939,1.4
926,2.1
1180,1.9
1496,3.6
1061,2.6
974,1.8
1072,2.3
1019,1.7
1522,6.8
1086,2.8
976,1.1
962,0.8
816,0.8
879,0.8
893,1.2
1141,1.2
1260,3.1
1621,4.2
1075,3.0
1390,2.7
1065,1.8
1283,2.9
991,0.9
960,0.7
1374,3.4
988,1.2
1009,2.3
1250,3.2
1021,2.0
942,0.9
1020,1.7
1124,1.9
1285,2.7
1131,1.5
1147,2.0
1022,1.1
1096,1.8
1075,5.5
943,1.8
854,0.9
1125,0.2
1111,3.4
1075,5.3
1075,2.3
1029,1.4
951,1.5
1268,2.9
1254,1.6
1075,0.8
1085,2.2
903,0.6
1387,1.6
2008,11.9
1075,0.8
932,0.8
902,1.1
1327,3.7
1075,4.2
856,0.8
1318,4.1
1028,1.4
1222,1.9
1037,1.9
1060,2.0
1132,2.0
1318,4.3
1057,1.4
1157,2.1
1153,2.5
947,0.7
1517,3.2
902,1.4
844,0.6
1746,6.1
1314,2.7
1123,2.2
1438,4.0
1162,1.7
1290,3.1
1576,5.3
1056,1.5
1033,1.2
1075,1.6
1491,4.1
974,1.3
1319,4.0
938,1.0
1248,3.4
1515,5.6
974,1.4
1458,3.4
1167,3.5
907,1.0
1438,2.9
1060,2.0
1216,2.5
990,1.2
1075,1.9
1251,2.5
1065,1.5
1087,2.4
1019,1.4
948,1.1
1001,2.3
1083,1.7
1050,2.4
974,1.7
933,1.3
885,0.3
1382,3.0
1159,2.4
1123,1.7
1079,1.6
982,2.6
1110,1.9
1411,3.5
1251,2.5
997,1.7
1424,4.9
1172,3.3
1065,1.2
1292,2.7
1077,1.4
1083,2.9
1120,2.0
771,0.5
995,1.4
1306,2.3
1070,2.4
875,1.4
973,2.2
1038,1.3
1242,2.0
956,0.7
985,2.2
912,1.1
1514,3.6
904,1.0
1167,1.5
932,0.3
1112,2.4
1033,2.1
914,1.5
1274,4.2
1003,0.7
868,1.1
1075,3.1
868,0.4
779,0.3
1207,0.9
1030,1.2
1508,1.7
997,1.3
1075,3.2
1240,2.4
1028,1.4
834,0.3
1089,1.7
895,1.2
1401,3.0
785,0.5
938,0.9
890,0.9
996,1.4
683,2.7
942,1.1
1151,2.2
831,0.5
1148,1.8
844,1.0
1044,1.8
1075,1.3
1453,3.8
935,1.2
928,2.9
1301,3.4
1243,2.8
1149,2.7
1109,2.3
908,2.2
1062,1.1
1276,2.9
923,1.3
793,0.8
888,1.4
1399,5.1
1006,2.4
848,0.8
1458,3.8
877,0.7
1640,6.1
872,0.4
1075,1.4
1037,2.1
848,0.7
1100,2.2
1369,3.8
713,0.6
1104,1.0
1148,1.6
921,0.7
1216,1.6
914,1.0
1023,2.8
873,1.2
1289,3.0
1098,2.8
949,0.7
892,0.4
1104,2.4
1163,2.5
1338,4.5
1096,2.4
824,0.6
1273,2.0
880,0.8
891,1.2
883,0.9
848,0.3
1160,3.0
1217,2.9
927,1.7
978,1.2
979,1.2
972,1.1
803,0.4
1039,1.8
986,1.2
1238,1.7
1095,2.4
1312,2.8
1062,1.0
965,1.3
1446,4.9
1325,3.8
1266,3.3
812,1.1
1075,3.7
1221,2.1
1075,3.4
1026,1.7
1042,0.8
895,1.2
1041,1.3
1383,3.5
988,1.6
915,1.1
716,0.3
1147,1.7
1132,1.9
1006,1.2
1074,1.1
972,0.9
1325,3.3
1516,4.9
1064,1.9
968,1.7
895,1.1
1324,3.4
1207,1.6
1010,1.3
1173,1.6
1075,4.2
1202,3.1
898,0.4
1338,2.0
983,1.5
832,0.3
1428,4.6
968,0.7
1601,6.2
984,1.0
758,0.4
906,1.3
836,0.5
1075,1.0
1517,4.2
1145,2.2
1094,1.5
832,0.5
993,1.1
1383,3.5
928,0.6
1066,3.3
1034,1.1
897,0.8
1225,2.6
1348,3.5
997,1.5
1424,5.1
1047,1.5
1031,1.2
893,0.7
1464,4.7
1225,2.4
848,0.8
1136,1.7
938,0.6
888,0.7
1036,2.2
1081,1.7
883,1.2
1469,4.6
1158,1.9
1391,3.3
1328,2.9
1220,3.5
1203,2.0
1053,1.0
812,0.6
1203,1.8
1674,5.2
894,0.9
1126,1.4
954,1.2
1184,2.7
1293,3.5
997,1.5
1300,3.3
1335,3.5
926,1.2
1163,2.7
870,0.8
1074,2.2
1018,1.0
1133,4.4
878,0.4
1113,2.1
863,0.9
1038,2.1
1206,1.7
1018,1.6
1032,1.2
1191,4.3
752,0.4
1479,5.0
912,0.5
1553,5.5
897,0.7
1226,2.3
1134,1.9
1086,1.6
970,1.5
1275,3.4
1162,2.5
932,1.1
939,0.4
1650,6.3
792,0.6
1446,4.6
1075,3.4
1144,1.7
812,1.1
1055,1.7
940,1.5
1247,2.5
925,1.1
869,0.6
1034,1.7
912,0.9
825,0.3
920,1.4
1026,2.6
819,1.3
918,1.0
939,1.2
927,1.0
1413,2.1
904,1.0
1590,3.3
771,1.0
1239,2.2
900,0.9
1395,1.6
1020,1.4
1259,4.1
1382,2.9
969,2.1
1284,3.1
862,1.0
1161,2.2
1271,3.2
917,0.9
1173,1.9
769,0.4
1570,6.2
1061,0.9
1296,2.6
901,1.0
927,0.7
1291,3.2
1177,1.8
1010,1.8
1259,1.9
926,0.6
921,1.9
1093,1.7
963,0.8
974,1.3
908,2.3
1300,2.9
982,1.3
1053,1.6
1079,1.7
1114,2.6
1098,2.1
1309,2.9
1093,1.8
937,1.2
1114,1.5
1278,1.9
962,1.5
1461,3.7
1058,1.4
1571,4.1
971,1.4
959,0.9
784,0.7
1405,3.9
1030,1.9
1571,6.6
1075,1.5
1119,0.3
983,2.4
1351,3.5
1291,4.0
1315,2.9
1205,4.1
960,0.6
1291,3.5
1088,2.3
715,0.2
842,0.5
1326,4.5
699,0.6
1004,1.3
1111,3.3
1335,1.7
991,2.2
1048,1.6
1082,1.9
1361,3.3
1199,2.3
958,0.9
1268,4.3
893,1.0
1452,3.5
1020,1.6
1169,2.7
1096,1.9
938,1.1
1215,2.9
886,1.2
1075,1.6
877,1.1
1024,1.4
868,0.9
1055,1.4
667,2.6
1358,3.4
1137,2.3
1307,3.0
817,0.7
865,1.3
1020,2.0
1337,4.2
1217,3.9
952,1.0
833,0.7
949,0.6
1008,2.0
811,0.6
907,1.0
1024,0.9
1630,8.5
906,1.3
983,0.8
1168,1.1
1024,2.1
922,0.8
974,1.3
1126,1.9
839,0.8
1216,2.2
824,0.8
1177,2.6
1011,1.4
827,0.5
802,1.3
962,1.6
1408,4.4
1485,3.8
1584,5.0
847,0.6
945,1.2
925,1.8
775,0.5
1056,2.2
1177,2.6
1016,1.5
872,0.6
890,1.3
1349,3.4
1150,2.3
837,0.2
1250,2.5
1908,9.5
1136,3.2
964,1.4
857,0.6
1374,4.6
718,0.3
1369,2.6
1075,4.1
1075,4.3
974,1.2
1297,3.0
1292,4.0
1110,2.1
825,0.7
1394,3.3
1031,1.4
834,0.4
815,0.6
859,1.1
1579,4.0
839,0.4
1283,2.4
872,0.2
1071,1.9
798,0.7
1256,3.6
1169,2.0
1407,2.9
1152,2.5
1153,1.4
1028,1.2
1084,2.1
1075,2.5
1056,1.9
1065,3.2
1087,3.5
1048,1.9
1140,1.9
1146,3.8
1038,1.8
964,1.8
1085,2.0
1017,1.6
1006,1.9
1353,4.7
1075,2.1
1310,2.2
865,0.9
1532,4.3
919,1.2
1075,3.3
1210,2.1
945,1.5
1391,4.3
1167,1.3
1493,4.6
1424,3.8
872,0.9
1462,4.3
860,0.6
1480,3.4
909,1.0
953,1.1
1261,4.4
801,0.3
1326,4.2
932,1.5
1023,1.8
940,1.4
846,1.5
1006,0.8
1476,5.8
1280,3.0
1075,4.9
1533,4.6
1008,1.5
1297,0.5
1425,3.5
967,0.8
696,0.6
1016,1.1
1247,1.7
1502,5.3
1633,6.5
1189,2.0
1039,1.4
1074,1.5
1248,2.7
859,0.7
1141,1.3
846,0.6
857,0.6
1024,2.3
1522,4.5
1402,2.5
1100,2.2
1321,3.9
1075,2.9
1024,3.2
842,0.5
1535,6.0
902,0.9
1315,2.2
970,1.9
931,0.6
922,1.0
972,1.2
1098,1.5
1044,1.5
1464,4.5
1378,2.6
869,0.7
1111,2.9
1243,2.2
1027,1.3
899,0.8
1188,2.9
915,1.2
1072,2.6
1205,1.7
1156,2.2
942,1.5
882,0.6
984,1.8
968,1.1
1120,2.1
1012,1.3
1442,4.1
1120,2.2
734,0.4
1040,1.0
1167,1.7
1121,2.1
1061,1.6
1170,2.2
1067,1.5
1147,2.6
1510,4.6
1187,3.0
1460,3.9
1103,1.8
784,0.5
1116,1.6
1440,3.5
1211,3.7
1156,2.5
941,1.1
889,0.8
928,1.4
970,1.4
858,0.2
1121,2.1
1021,0.9
960,1.3
1107,1.5
1075,4.5
1362,3.2
1317,3.4
1075,1.6
1076,2.2
1065,0.8
844,0.7
966,1.2
1222,4.1
1086,3.3
1096,1.9
1157,2.2
1075,1.9
1486,6.8
935,1.0
1180,2.8
1280,1.9
891,0.7
1119,2.7
1458,3.0
848,0.4
855,0.7
921,0.5
1057,2.2
1187,1.9
1246,2.5
1075,2.0
1173,2.5
1359,2.7
803,0.3
943,0.8
886,0.8
981,1.7
1010,1.0
1100,2.2
1120,1.7
1473,2.8
1606,5.3
1469,4.1
1381,3.3
1728,6.5
1040,1.4
901,0.8
1205,3.6
978,1.6
863,0.9
1100,0.4
1069,1.6
1206,1.6
1388,4.2
1917,6.1
1325,2.1
1152,3.8
1075,1.3
1110,1.9
814,0.5
1111,1.9
1110,1.1
911,1.0
1065,3.1
1267,1.1
1592,6.8
1268,3.0
1201,2.9
1075,1.0
1533,4.5
903,1.1
683,0.3
1035,1.4
953,1.1
1018,1.8
1256,4.5
954,1.5
971,1.3
1103,1.5
1157,2.8
986,0.7
1101,1.7
845,0.9
951,1.8
1075,2.2
1458,6.1
973,1.0
1059,1.5
1013,1.7
969,1.0
998,1.1
1075,0.9
1188,2.5
1056,2.2
912,1.5
1279,3.3
1420,2.1
919,1.4
1308,3.8
1043,1.6
941,1.0
1024,1.4
931,0.9
848,0.9
1309,4.0
1180,2.5
1076,1.3
1082,1.7
1374,3.2
1075,0.6
853,0.7
1129,1.7
1053,2.6
1018,1.5
1268,2.9
1075,0.7
1975,6.7
1059,1.6
889,1.6
1288,2.7
1033,0.8
991,1.1
1258,1.5
1097,0.1
1007,1.7
793,0.6
1140,4.3
1160,2.5
862,0.5
1025,1.7
903,0.8
1144,2.8
1047,0.9
1031,1.4
1435,4.4
921,0.9
1383,2.4
1090,1.6
903,0.5
881,0.7
996,1.9
1132,1.6
692,0.5
802,0.6
1027,2.0
1064,1.1
982,1.6
1332,3.3
1075,2.0
992,1.3
1106,2.7
1232,2.9
944,0.6
1234,3.4
1633,6.9
1075,4.3
1331,3.0
1092,2.9
863,1.0
1279,3.0
1126,2.8
1219,3.0
1088,1.6
1315,4.8
933,1.1
1050,1.5
975,0.8
826,0.5
919,1.0
768,0.6
904,1.6
1136,1.4
915,0.7
1490,5.3
1009,1.3
970,0.3
1219,3.3
1741,5.9
986,1.4
1075,3.5
872,0.9
1055,1.9
905,0.7
1162,0.4
791,0.7
956,0.8
719,0.2
1110,2.0
1250,2.4
951,2.6
1121,0.1
1274,3.7
1150,2.8
1214,2.8
1176,2.3
1075,5.0
964,1.2
1238,2.4
1062,2.1
1019,2.0
954,0.9
1207,2.7
1081,1.7
944,1.2
1074,1.6
1114,2.1
1404,3.4
1299,2.6
1100,1.8
1075,3.4
1146,2.5
844,0.4
942,1.3
1609,5.5
1064,1.9
891,1.0
1251,2.8
1365,3.1
1530,5.0
1040,1.8
1055,1.4
825,0.8
858,0.7
1068,2.2
908,0.7
973,0.4
950,0.9
1151,2.2
881,0.6
1220,2.8
986,1.1
1253,2.9
1484,5.4
1187,2.5
1046,1.9
1083,2.6
1315,5.3
1075,1.1
988,1.1
988,1.3
1259,1.3
1353,3.2
1101,2.8
1143,1.9
1205,1.5
986,1.2
1033,2.1
1099,1.6
1250,3.2
1003,1.4
1091,2.1
1474,2.8
795,0.7
1253,3.6
981,1.4
711,0.6
1096,1.6
954,1.0
1044,0.9
1048,1.9
1305,2.4
1259,3.0
1075,1.2
1059,1.5
1210,3.5
1173,1.6
971,0.8
1411,1.4
905,0.8
1544,5.6
1557,4.8
1115,2.6
923,0.7
907,0.6
1436,5.9
1545,4.9
1022,1.2
1283,2.7
927,0.9
1256,3.4
956,0.8
1130,2.8
1011,1.1
1109,2.1
1151,1.6
1217,2.2
1162,3.0
874,0.7
705,0.4
1075,5.9
1038,4.0
1027,1.6
1218,2.3
968,0.8
1295,3.1
1075,5.0
1247,2.0
976,0.9
1169,1.8
1149,3.2
1075,4.2
1053,1.3
836,0.7
1028,0.9
1107,1.6
1256,3.8
1034,1.0
1181,2.5
1075,2.3
1108,1.6
861,0.6
1071,1.9
1223,2.1
1317,2.8
1547,7.5
1242,3.5
924,1.2
862,0.6
827,1.0
1075,7.1
1080,2.0
941,0.9
1176,1.9
1270,3.8
943,1.3
1707,7.7
1075,2.4
1072,1.8
869,1.5
1257,2.7
1379,2.2
1277,3.4
790,0.9
1052,1.1
1225,2.7
892,0.6
1472,3.1
1075,2.2
908,0.8
1435,4.2
964,0.7
820,0.4
1068,0.9
1088,1.3
1116,3.6
1075,1.2
913,0.7
988,1.6
1677,5.4
920,0.9
1223,2.6
1124,3.6
1047,2.1
1328,2.2
1024,1.5
1046,1.5
1462,4.0
937,0.8
971,1.1
1202,2.4
1103,2.5
1243,2.6
1211,1.9
1172,2.8
1090,2.2
939,1.1
835,0.6
919,1.7
838,0.7
1168,2.4
891,1.5
898,0.8
1169,2.2
1310,3.5
1075,2.4
811,0.3
867,0.6
792,0.4
1013,1.8
1053,1.0
967,1.1
891,0.8
1201,1.1
1522,4.6
748,0.5
858,0.6
975,1.2
893,0.7
1223,4.8
1023,1.8
1050,1.4
942,0.7
1022,1.4
1075,2.9
1140,2.7
859,0.6
1308,4.3
1676,5.1
1075,4.5
1049,1.4
1217,3.3
861,0.8
993,1.1
965,1.3
1333,2.2
1611,5.1
1075,1.2
1182,1.7
1050,1.7
933,0.7
1034,1.2
969,1.5
1014,1.0
1281,4.1
1075,1.7
827,0.7
838,2.2
1349,2.6
1411,4.0
1410,2.6
841,0.5
1304,3.7
1416,4.2
1075,2.0
973,2.0
809,0.4
922,0.9
1005,0.9
